"ORDEN_COMPRA","FECHA","PROVEEDOR","MONTO_EURO"
"20CAL00004","01-2020",GENERAL SUPPLY DEL ZULIA CA,243000
"20CAL00006","01-2020",GENERAL SUPPLY DEL ZULIA CA,1440000
"20CAL00001","01-2020","INVERSORA Y CONSTRUCTORA ICER, C.A.",1399999.968
"20CAL00012","01-2020","XEAX ALIMENTOS,C.A",153900
"20CAL00008","01-2020","XEAX ALIMENTOS,C.A",217000
"20CAL00013","01-2020","ALIMENTOS EL MAIZAL, C.A.",6328800
"20CAL00037","01-2020","INVERSIONES Y DISTRIBUCION DE ALIMENTOS MARTECA, C.A",590400
"20CAL00043","01-2020",COMERCIALIZADORA JOSDIE C.A,506250
"20CAL00042","01-2020",COMERCIALIZADORA JOSDIE C.A,506250
"20CAL00045","01-2020",COMERCIALIZADORA JOSDIE C.A,675000
"20CAL00026","01-2020","ALIMENTOS EL MAIZAL, C.A.",6000000
"20CAL00035","01-2020","DALLCA, C.A.",1246000
"20CAL00034","01-2020","AGROINDUSTRIA TARRAGONA XXI, C.A.",128200
"20CAL00050","01-2020",COMERCIALIZADORA JOSDIE C.A,618750
"20CAL00069","01-2020","DISTRIBUIDORA PITIA, CA",472500
"20CAL00063","01-2020","ALIMENTOS LUAL, C.A.",720000
"20CAL00065","01-2020","DISTRIBUIDORA PITIA, CA",810000
"20CAL00182","01-2020","INVERSIONES NAKEY, C.A",478800
"20CAL00187","01-2020","EL GRUPO EBENEZER, C.A.",2129999.98
"20CAL00188","01-2020","EL GRUPO EBENEZER, C.A.",2129992.2
"20CAL00224","01-2020","ALIMENTOS EL MAIZAL, C.A.",3000000
"20CAL00225","01-2020","INVERSIONES TOP SUMINISTROS, C.A",1287000
"20CAL00226","01-2020","TROPICAL IMPORT, C.A",2700000
"20CAL00227","01-2020","DISTRIBUIDORA Y COMERCIALIZADORA DAYKARI, C.A.",486000
"20CAL00236","01-2020",ALIBAL SERVICIOS Y PROCESOS C.A.,1795500
"20CAL00237","01-2020",ALIBAL SERVICIOS Y PROCESOS C.A.,478800
"20CAL00267","02-2020","DISTRIBUCIONES ARA, C.A.",659345.42
"20CAL00268","02-2020","COMERCIALIZADORA ROFRANBERT, C.A",990000
"20CAL00277","02-2020",DISTRIBUIDORA SOL DE ORIENTE 2017 C.A,66150
"20CAL00273","02-2020","COMERCIAL SUR, C.A.",453600
"20CAL00276","02-2020",DISTRIBUIDORA SOL DE ORIENTE 2017 C.A,292000
"20CAL00275","02-2020","AGROPECUARIA LA ROSALIERA, C.A.",382500
"20CAL00283","02-2020",ALIMENTOS ARMUSA C.A,1474300
"20CAL00282","02-2020","EL GRUPO EBENEZER, C.A.",2129992.2
"20CAL00292","02-2020","AGROPECUARIA HCR, C.A",1044000
"20CAL00284","02-2020","MAXIMAS DISTRIBUCIONES R.M, C.A ",1632268.04
"20CAL00281","02-2020","CARNES FINAS, C.A.",3240000
"20CAL00294","02-2020",SIGMA INTERNATIONAL SERVICES INC,699079.2
"20CAL00298","02-2020",SIGMA INTERNATIONAL SERVICES INC,1094850.75
"20CAL00296","02-2020",SIGMA INTERNATIONAL SERVICES INC,1094850.75
"20CAL00297","02-2020",PASTAS LA SIRENA C.A,990000
"20CAL00370","03-2020","MKE MANUFACTURA SUR, C.A",2566000
"20CAL00384","03-2020","EL ACAPRO DEL GEF, C.A",720000
"20CAL00385","03-2020","AGROPECUARIA LA ROSALIERA, C.A.",2880000
"20CAL00389","03-2020",ZONA LIBRE 2000 CA,1830400
"20CAL00390","03-2020",ZONA LIBRE 2000 CA,1408000
"20CAL00386","03-2020",ZONA LIBRE 2000 CA,1619200
"20CAL00391","03-2020",ZONA LIBRE 2000 CA,475200
"20CAL00428","03-2020",ALIBAL SERVICIOS Y PROCESOS C.A.,1795500
"20CAL00431","03-2020","ALIMENTOS SANTA MARTA, C.A",720000
"20CAL00433","03-2020","ALIMENTOS ROGAL, C.A",2636402
"20CAL00443","03-2020","AVICOLA LA PROVIDENCIA, C.A.",478800
"20CAL00442","03-2020","AGROPECUARIA PORCINO Y BOVINO RONGRAT, S.A.",427329
"20CAL00420","03-2020","ALIMENTOS SURVEN, C.A.",1595179.78
"20CAL00441","03-2020",DISTRIBUIDORA GUADO C.A,576000
"20CAL00438","03-2020","PROCESADORA DE ALIMENTOS POLLOS RANCHEROS, C.A",847350
"20CAL00424","03-2020","CORPORACION MANA 77, C.A.",2564000
"20CAL00432","03-2020","CONSORCIO VEINCA, C.A.",720000
"20CAL00436","03-2020","AGROPECUARIA SAN CRISTOBAL 2018, C.A",360000
"20CAL00427","03-2020",DISTRIBUIDORA LOS LLANOS 03 C.A.,720000
"20CAL00434","03-2020","ASOCIACION COOPERATIVA TORO ROJO 2505, R.L",360000
"20CAL00444","03-2020","INVERSORA Y CONSTRUCTORA ICER, C.A.",1440000
"20CAL00423","03-2020","DISTRIBUIDORA DE ALIMENTOS LOS SOTOS 48, C.A.",1514695.82
"20CAL00426","03-2020",CONSORCIO GRANO ALTO,741290.86
"20CAL00463","03-2020","DESARROLLOS DAHMO, C.A.",641000
"20CAL00460","03-2020","TROPICAL IMPORT, C.A",2700000
"20CAL00461","03-2020","ALIMENTOS FENIX DE VENEZUELA, C.A.",2287500
"20CAL00450","03-2020","AVICOLA LA PROVIDENCIA, C.A.",190256.85
"20CAL00449","03-2020","AVICOLA LA PROVIDENCIA, C.A.",21600
"20CAL00448","03-2020","AVICOLA LA PROVIDENCIA, C.A.",386321
"20CAL00478","03-2020","ALIMENTOS SURVEN, C.A.",1173910
"20CAL00457","03-2020",DISTRIBUIDORA GUADO C.A,961500
"20CAL00453","03-2020","ALIMENTOS JAD GLOBAL, C.A",518400
"20CAL00452","03-2020","ALIMENTOS JAD GLOBAL, C.A",333900
"20CAL00451","03-2020","ALIMENTOS JAD GLOBAL, C.A",747000
"20CAL00456","03-2020","AGROINDUSTRIA LOS TURPIALES. RZ 1009, C.A",661500
"20CAL00458","03-2020","INVERSIONES Y FESTEJO DOÑA SOFIA, C.A",2800000
"20CAL00482","03-2020","AGROPECUARIA SAN CRISTOBAL 2018, C.A",472500
"20CAL00471","03-2020",INVERSIONES ALICEOLE C.A ,2070000
"20CAL00466","03-2020",CORPORACION DE ALIMENTOS FRESH MICKY CA,585000
"20CAL00484","03-2020","INVERSIONES Y DISTRIBUCION DE ALIMENTOS MARTECA, C.A",590400
"20CAL00483","03-2020",GRUPO SOCOLCA CA,120600
"20CAL00481","03-2020","DISTRIBUIDORA PITIA, CA",472500
"20CAL00480","03-2020","DISTRIBUIDORA PITIA, CA",810000
"20CAL00459","03-2020","ALIMENTOS ESSAGUA, C.A",580000
"20CAL00497","03-2020","ECO CARNES,  C.A",787500
"20CAL00494","03-2020","AGROPECUARIA HCR, C.A",1215000
"20CAL00493","03-2020","AGROPECUARIA HCR, C.A",1425000
"20CAL00496","03-2020","ALIMENTOS SURVEN, C.A.",900000
"20CAL00486","03-2020","INVERSORA Y CONSTRUCTORA ICER, C.A.",10256000
"20CAL00485","03-2020","ALIMENTOS LUAL, C.A.",3079200
"20CAL00495","03-2020","SOLUCIONES LOGISTICAS CF, C.A.",1650000
"20CAL00491","03-2020","MGP, C.A.",445500
"20CAL00490","03-2020","MGP, C.A.",68850
"20CAL00489","03-2020","MGP, C.A.",731250
"20CAL00488","03-2020","MGP, C.A.",243000
"20CAL00487","03-2020","MGP, C.A.",202500
"20CAL00492","03-2020","MGP, C.A.",486000
"20CAL00509","03-2020",DISTRICARSMIRTH CA,576000
"20CAL00505","03-2020","COMERCIALIZADORA CLMC, C.A.",101250
"20CAL00507","03-2020","COMERCIALIZADORA CLMC, C.A.",121500
"20CAL00503","03-2020","INVERSIONES GL 2021, C.A",100800
"20CAL00508","03-2020","COMERCIALIZADORA CLMC, C.A.",40500
"20CAL00504","03-2020","COMERCIALIZADORA CLMC, C.A.",324000
"20CAL00506","03-2020","COMERCIALIZADORA CLMC, C.A.",72000
"20CAL00513","03-2020","ALIMENTOS  AGROPROSUR, C.A.",1080000
"20CAL00512","03-2020","ALIMENTOS  AGROPROSUR, C.A.",2835000
"20CAL00514","03-2020","ALIMENTOS LUAL, C.A.",2052800
"20CAL00511","03-2020","DISTRIBUIDORA DE ALIMENTOS LAD, C.A.",2250000
"20CAL00515","03-2020","INVERSORA Y CONSTRUCTORA ICER, C.A.",5128000
"20CAL00525","03-2020","TROPICAL IMPORT, C.A",1608692.06
"20CAL00524","03-2020","ALIMENTOS  AGROPROSUR, C.A.",1860797.36
"20CAL00532","03-2020","DISTRIBUCIONES ARA, C.A.",1582205.94
"20CAL00531","03-2020","MAXIMAS DISTRIBUCIONES R.M, C.A ",1632268.04
"20CAL00529","03-2020",GRUPO SOCOLCA CA,486000
"20CAL00530","03-2020",ALIMENTOS ARMUSA C.A,1474300
"20CAL00544","03-2020","MEGATRONIC, C.A",269100
"20CAL00547","04-2020","GRUPO AS 2000, C.A.",2954880
"20CAL00563","04-2020","ALIMENTOS LUAL, C.A.",1687500
"20CAL00564","04-2020","ALIMENTOS SANTA MARTA, C.A",1687500
"20CAL00568","04-2020","KOMO NUEVO 1, C.A.",2800000
"20CAL00566","04-2020","ALIMENTOS SANTA MARTA, C.A",1875000
"20CAL00565","04-2020","ALIMENTOS LUAL, C.A.",1875000
"20CAL00590","04-2020","ALIMENTOS FENIX DE VENEZUELA, C.A.",458003.25
"20CAL00587","04-2020",ENVASADORA DE ALIMENTOS (EVALSA) SOCIEDAD ANONIMA,1799728.28
"20CAL00589","04-2020","DISTRIBUIDORA Y COMERCIALIZADORA DAYKARI, C.A.",732805.2
"20CAL00588","04-2020",NORTECA INTERNATIONAL LIMITED,1282412.36
"20CAL00592","04-2020","ALIMENTOS LUAL, C.A.",1374008.35
"20CAL00598","04-2020","SERVICIOS AVICOLAS, C.A. SERAVICA",598500
"20CAL00594","04-2020",IMPORTADORA Y COMERCIALIZADORA MAXIMA C.A. ,1440000
"20CAL00599","04-2020","ALIMENTOS VENEZOLANOS S&M ALIVENSA, S.A",1620000
"20CAL00595","04-2020","ALIMENTOS SANTA MARTA, C.A",1215000
"20CAL00597","04-2020","ALIMENTOS SANTA MARTA, C.A",584995.8
"20CAL00601","04-2020","AGRO AGUACATES AFN, C.A.",1392000
"20CAL00600","04-2020","SUVEN LG, C.A.",1392000
"20CAL00610","04-2020","INVERSIONES COGOYAL, C.A.",900000
"20CAL00609","04-2020","OLEAGINOSAS INDUSTRIALES OLEICA, C.A.",478800
"20CAL00613","04-2020","GRUPO AS 2000, C.A.",579150
"20CAL00614","04-2020","GRUPO AS 2000, C.A.",3693600
"20CAL00623","04-2020","CONSORCIO DE ALIMENTOS GLOBAL AMERICA, C.A.",149310
"20CAL00624","05-2020","AGROINDUSTRIA RENACER, C.A.",945000
"20CAL00681","05-2020","ECO CARNES,  C.A",900000
"20CAL00675","05-2020","AGROPECUARIA PORCINO Y BOVINO RONGRAT, S.A.",708750
"20CAL00655","05-2020","MAXIMAS DISTRIBUCIONES R.M, C.A ",540000
"20CAL00657","05-2020","CONSORCIO VEINCA, C.A.",720000
"20CAL00668","05-2020","EL GRUPO EBENEZER, C.A.",250560
"20CAL00667","05-2020","EL GRUPO EBENEZER, C.A.",1998000
"20CAL00664","05-2020","EL GRUPO EBENEZER, C.A.",559440
"20CAL00673","05-2020","PROCESADORA AVICOLA TIO POLLO, C.A. (PROATIPOLLO)",1332000
"20CAL00676","05-2020","PRODUCTORA AVICOLA RONGRAT, C.A",313200
"20CAL00644","05-2020","PRODUCTORA AVICOLA RONGRAT, C.A",787500
"20CAL00672","05-2020","AVICOLA LA GUASIMA, C.A",666000
"20CAL00648","05-2020",LP LIDER POLLO C.A,31500
"20CAL00665","05-2020",LP LIDER POLLO C.A,266400
"20CAL00666","05-2020",ALIBAL SERVICIOS Y PROCESOS C.A.,1998000
"20CAL00670","05-2020",AGROPECUARIA PIEDRAS AZULES C.A.,125280
"20CAL00669","05-2020",AGROPECUARIA PIEDRAS AZULES C.A.,532800
"20CAL00674","05-2020",GRANJA AVICOLA LA PONDEROSA C A,532800
"20CAL00671","05-2020","INDUSTRIAS POLLO PREMIUM 5.8, C A",1065600
"20CAL00656","05-2020","ASOCIACION COOPERATIVA EL CUNAVICHERO 491, RL",540000
"20CAL00678","05-2020",PROAGRO C.A.,187920
"20CAL00650","05-2020",FUNDACION BATALLA MATA DE MIEL,180000
"20CAL00679","05-2020","AVICOLA LA PROVIDENCIA, C.A.",1332000
"20CAL00659","05-2020",FRIPICA C.A,900000
"20CAL00699","05-2020","ECO CARNES,  C.A",788400
"20CAL00721","05-2020","MEGATRONIC, C.A",412620
"20CAL00701","05-2020",DISTRICARSMIRTH CA,576000
"20CAL00717","05-2020","MEGATRONIC, C.A",3913100
"20CAL00716","05-2020","MEGATRONIC, C.A",2937550
"20CAL00722","05-2020","MEGATRONIC, C.A",382200
"20CAL00720","05-2020","MEGATRONIC, C.A",412620
"20CAL00718","05-2020","MEGATRONIC, C.A",326400
"20CAL00689","05-2020","CONSORCIO VEINCA, C.A.",720000
"20CAL00710","05-2020","EL GRUPO EBENEZER, C.A.",1065600
"20CAL00709","05-2020","EL GRUPO EBENEZER, C.A.",2251080
"20CAL00713","05-2020","EL GRUPO EBENEZER, C.A.",472500
"20CAL00693","05-2020","AGROPECUARIA SAN CRISTOBAL 2018, C.A",360000
"20CAL00685","05-2020",DISTRIBUIDORA LOS LLANOS 03 C.A.,720000
"20CAL00691","05-2020","ASOCIACION COOPERATIVA TORO ROJO 2505, R.L",360000
"20CAL00692","05-2020","IMPORTADORA COMERCIALIZADORA EMPAQUETADORA SAN BENITO, C.A.",351000
"20CAL00712","05-2020","FABRICA DE PASTAS ALIMENTICIAS ROSANA, C.A. FAPARCA",102960
"20CAL00708","05-2020",ALIBAL SERVICIOS Y PROCESOS C.A.,999000
"20CAL00686","05-2020",ALIBAL SERVICIOS Y PROCESOS C.A.,1998000
"20CAL00695","05-2020","SERVICIOS AVICOLAS, C.A. SERAVICA",666000
"20CAL00705","05-2020",FUNDACION BATALLA MATA DE MIEL,180000
"20CAL00707","05-2020","AVICOLA LA PROVIDENCIA, C.A.",740250
"20CAL00706","05-2020","AVICOLA LA PROVIDENCIA, C.A.",532800
"20CAL00714","05-2020","AVICOLA LA PROVIDENCIA, C.A.",1102500
"20CAL00697","05-2020","AVICOLA LA PROVIDENCIA, C.A.",708750
"20CAL00696","05-2020","AVICOLA LA PROVIDENCIA, C.A.",666000
"20CAL00704","05-2020","AGROPECUARIA PORCINO Y BOVINO RONGRAT, S.A.",393750
"20CAL00715","05-2020","MEGATRONIC, C.A",1765800
"20CAL00694","05-2020","COMERCIAL SUR, C.A.",990000
"20CAL00735","05-2020",GRUPO SOCOLCA CA,7020000
"20CAL00734","05-2020","MEGATRONIC, C.A",9275604
"20CAL00727","05-2020",GRUPO SOCOLCA CA,4680000
"20CAL00737","05-2020","DISTRIBUIDORA SAN MIGUEL MM, CA",2513700
"20CAL00733","05-2020","COMERCIALIZADORA CLMC, C.A.",585000
"20CAL00732","05-2020","COMERCIALIZADORA CLMC, C.A.",585000
"20CAL00731","05-2020","COMERCIALIZADORA CLMC, C.A.",585000
"20CAL00730","05-2020","COMERCIALIZADORA CLMC, C.A.",585000
"20CAL00740","05-2020","COMERCIALIZADORA CLMC, C.A.",105300
"20CAL00739","05-2020","COMERCIALIZADORA CLMC, C.A.",324000
"20CAL00738","05-2020","COMERCIALIZADORA CLMC, C.A.",42120
"20CAL00726","05-2020",EMPAQUETADORA LA BENDICION DE SION C.A.,540000
"20CAL00725","05-2020",EMPAQUETADORA LA BENDICION DE SION C.A.,810000
"20CAL00736","05-2020","MEGATRONIC, C.A",645301.8
"20CAL00729","05-2020","MEGATRONIC, C.A",645242
"20CAL00728","05-2020",GRUPO SOCOLCA CA,2340000
"20CAL00742","05-2020","AGROINVERSIONES LA VICTORIA, C.A",1944000
"20CAL00746","05-2020","AGROINVERSIONES LA VICTORIA, C.A",1404000
"20CAL00745","05-2020","AGROINVERSIONES LA VICTORIA, C.A",2376000
"20CAL00751","05-2020","AVICOLA LA PROVIDENCIA, C.A.",214740
"20CAL00743","05-2020","AGROINVERSIONES LA VICTORIA, C.A",756000
"20CAL00741","05-2020","CONSORCIO OLEAGINOSO PORTUGUESA, S.A. COPOSA",1764720
"20CAL00752","05-2020","AVICOLA LA PROVIDENCIA, C.A.",2250000
"20CAL00744","05-2020","AGROINVERSIONES LA VICTORIA, C.A",1404000
"20CAL00755","05-2020","ALIMENTOS LUAL, C.A.",10563750
"20CAL00760","05-2020","AGROALIMENTOS LA ORIENTAL, C.A.",945000
"20CAL00759","05-2020","AGROALIMENTOS LA ORIENTAL, C.A.",801000
"20CAL00756","05-2020",ENVASADORA DE ALIMENTOS (EVALSA) SOCIEDAD ANONIMA,8988000
"20CAL00754","05-2020",INVERSIONES ALICEOLE C.A ,7245000
"20CAL00761","05-2020","EMPRESA MIXTA SOCIALISTA AVICOLA DEL ALBA, S.A",1488240
"20CAL00753","05-2020",NORTECA INTERNATIONAL LIMITED,9924000
"20CAL00765","05-2020","DESARROLLOS DAHMO, C.A.",641500
"20CAL00770","05-2020","CORPORACION ASGB, C.A.",215280
"20CAL00764","05-2020",FINARMA C.A.,1840000
"20CAL00766","05-2020","AGROPECUARIA DON MATTHIAS, C.A",2484000
"20CAL00762","05-2020","EMPRESA MIXTA SOCIALISTA AVICOLA DEL ALBA, S.A",140940
"20CAL00767","05-2020","CEREALES&PILONES BFC, C.A.",328440
"20CAL00776","05-2020",SIGMA INTERNATIONAL SERVICES INC,434903.04
"20CAL00778","05-2020","DISTRIBUIDORA Y COMERCIALIZADORA DAYKARI, C.A.",5877000
"20CAL00777","05-2020","DISTRIBUIDORA LLANO ALEGRE, C.A.",2067700
"20CAL00784","05-2020","AGROALIMENTOS LA ORIENTAL, C.A.",900000
"20CAL00780","05-2020","DISTRIBUIDORA DE ALIMENTOS LOS SOTOS 48, C.A.",4422000
"20CAL00793","05-2020","AGROINVERSIONES LA VICTORIA, C.A",1435188.96
"20CAL00779","05-2020","ALIMENTOS EL MAIZAL, C.A.",7728000
"20CAL00790","05-2020","FOODVEN CORP, C.A.                                                                                        ",550000
"20CAL00783","05-2020","MAXIMAS DISTRIBUCIONES R.M, C.A ",360000
"20CAL00781","05-2020","CONSORCIO OLEAGINOSO PORTUGUESA, S.A. COPOSA",1595999.44
"20CAL00782","05-2020","ASOCIACION COOPERATIVA EL CUNAVICHERO 491, RL",360000
"20CAL00786","05-2020","FOODVEN CORP, C.A.                                                                                        ",276000
"20CAL00804","05-2020",INVERSIONES  JGM  FOODS C.A                     ,4739840
"20CAL00797","05-2020",INVERSIONES  JGM  FOODS C.A                     ,2208000
"20CAL00795","05-2020",INVERSIONES  JGM  FOODS C.A                     ,800400
"20CAL00803","05-2020",INVERSIONES  JGM  FOODS C.A                     ,4195200
"20CAL00794","05-2020",COMERCIALIZADORA VENEZOLANA DE ALIMENTOS (COVENALCA) C.A.,1067200
"20CAL00799","05-2020",INVERSIONES  JGM  FOODS C.A                     ,4195200
"20CAL00796","05-2020",INVERSIONES  JGM  FOODS C.A                     ,1288000
"20CAL00802","05-2020","ALIMENTOS ALIANZAS, C.A.",920000
"20CAL00801","05-2020","ALIMENTOS ALIANZAS, C.A.",1104000
"20CAL00800","05-2020",INVERSIONES  JGM  FOODS C.A                     ,1398400
"20CAL00807","05-2020","KADOSK, C.A.",1398400
"20CAL00806","05-2020","KADOSK, C.A.",4195200
"20CAL00810","05-2020","PLUMROSE LATINOAMERICANA, C.A.",97152
"20CAL00808","05-2020","KADOSK, C.A.",4416000
"20CAL00805","05-2020","KADOSK, C.A.",3348800
"20CAL00809","05-2020","KADOSK, C.A.",3680000
"20CAL00812","05-2020",INVERSIONES  JGM  FOODS C.A                     ,5600000
"20CAL00817","05-2020","AGROPECUARIA ISAMAR DEL CAMPO, C.A",200928
"20CAL00815","05-2020","INDUSA, C.A",1196000
"20CAL00811","05-2020",PASTAS LA SIRENA C.A,1012000
"20CAL00820","05-2020","SUMINISTROS NOMA, C.A.",1255800
"20CAL00821","05-2020","IMPORTACION Y DISTRIBUCION EL FUTURO DEL MUNDO, C.A.",900000
"20CAL00816","05-2020",ALIMENTOS LA ALIANZA C.A ,966000
"20CAL00838","05-2020","INVERSIONES TODO QUINCALLA, C.A",4002000
"20CAL00837","05-2020",INVERSIONES LORENZILLOS C.A.,931700
"20CAL00835","05-2020","ALIMENTOS JAD GLOBAL, C.A",275000
"20CAL00826","05-2020","INVERSIONES Y DISTRIBUCION DE ALIMENTOS MARTECA, C.A",1656000
"20CAL00830","05-2020","INVERSIONES Y DISTRIBUCION DE ALIMENTOS MARTECA, C.A",2070000
"20CAL00828","05-2020","INVERSIONES Y DISTRIBUCION DE ALIMENTOS MARTECA, C.A",1173000
"20CAL00834","05-2020","ALIMENTOS JAD GLOBAL, C.A",782000
"20CAL00859","05-2020",ALIMENTOS ARMUSA C.A,1474300
"20CAL00854","05-2020","FRIGORIFICO MILAGRO, C.A",900000
"20CAL00842","05-2020",EMPAQUETADORA LA BENDICION DE SION C.A.,598000
"20CAL00843","05-2020","AGROINDUSTRIA LOS TURPIALES. RZ 1009, C.A",506000
"20CAL00853","05-2020","INVERSIONES TOP SUMINISTROS, C.A",1333100
"20CAL00847","05-2020","CORPORACION DE PRODUCTOS ALIMENTARIOS SANTA CLARA, C.A",47505.12
"20CAL00840","05-2020","AVICOLA LA PROVIDENCIA, C.A.",598500
"20CAL00855","05-2020","AVICOLA LA PROVIDENCIA, C.A.",708750
"20CAL00862","05-2020","AVICOLA LA PROVIDENCIA, C.A.",386321
"20CAL00861","05-2020","AVICOLA LA PROVIDENCIA, C.A.",21600
"20CAL00860","05-2020","AVICOLA LA PROVIDENCIA, C.A.",190256.85
"20CAL00839","05-2020","AGROINDUSTRIA RENACER, C.A.",202800
"20CAL00891","05-2020","DISTRIBUIDORA JGC, C.A",837200
"20CAL00890","05-2020","DESARROLLOS DAHMO, C.A.",4659340
"20CAL00896","05-2020","IMPORTADORA PEL 2020, C.A.",1224000
"20CAL00894","05-2020","INVERSIONES YV, C.A.",3327500
"20CAL00886","05-2020","AVICOLA LA PROVIDENCIA, C.A.",478800
"20CAL00879","05-2020","TROPICAL IMPORT, C.A",950795.16
"20CAL00893","05-2020","SUPLI MATERIALES, C.A.",3327500
"20CAL00892","05-2020",DISTRIBUIDORA LOS LLANOS 03 C.A.,1800000
"20CAL00887","05-2020","AVICOLA LA PROVIDENCIA, C.A.",1650000
"20CAL00882","05-2020","KADOSK, C.A.",5152000
"20CAL00909","05-2020","IMPEXONE, C.A.",23460
"20CAL00907","05-2020","IMPEXONE, C.A.",72334.02
"20CAL00911","05-2020","ALIMENTOS OMEGA 3,C.A.",498420
"20CAL00914","05-2020","CONSERVERA DE ALIMENTOS CONALIM, C.A.",294840
"20CAL00899","05-2020","AGROINDUSTRIAS LA BLANQUILLA, C.A.",2700000
"20CAL00910","05-2020","ALIMENTOS MONACO 2016, C.A.",172224
"20CAL00908","05-2020","ALIMENTOS MONACO 2016, C.A.",121440
"20CAL00906","05-2020","ALIMENTOS MONACO 2016, C.A.",133100
"20CAL00900","05-2020","PASTAS ALIMENTICIAS NOVA, C.A.",3240000
"20CAL00913","05-2020","DISTRIBUIDORA SAN MIGUEL MM, CA",952348.8
"20CAL00902","05-2020",SIGMA INTERNATIONAL SERVICES INC,322000
"20CAL00904","05-2020","CONSERVAS DEL CENTRO, C.A.",702000
"20CAL00905","05-2020","CONSORCIO VEINCA, C.A.",2668000
"20CAL00898","05-2020","ALIMENTOS  AGROPROSUR, C.A.",900000
"20CAL00920","05-2020","INVERSIONES TOP SUMINISTROS, C.A",2520000
"20CAL00918","05-2020","OLEAGINOSAS INDUSTRIALES OLEICA, C.A.",68400
"20CAL00915","05-2020","ALIMENTOS JAD GLOBAL, C.A",207020.7
"20CAL00917","05-2020","PROCESADORA DE ALIMENTOS POLLOS RANCHEROS, C.A",472500
"20CAL00921","05-2020","MATADERO DE AVES LA TROPICAL, C.A",266400
"20CAL00919","05-2020","COMERCIALIZADORA PIAR PEÑA, C.A.",1125000
"20CAL00916","05-2020","IMPORTADORA AULAM, C.A.",1102500
"20CAL00922","05-2020",PASTAS CAPRI C.A.,218400
"20CAL00925","05-2020",ANDI ALIMENTOS C.A,1046500
"20CAL00924","05-2020","ARROZ CRISTAL, C.A.",1046500
"20CAL00926","05-2020","ALIMENTOS SURVEN, C.A.",406638.55
"20CAL00928","05-2020","DISTRIBUIDORA ORISUR, COMPAÑIA ANONIMA",787500
"20CAL00930","05-2020","AGRO ALIMENTOS OCCIDENTE, C.A",65520
"20CAL00927","05-2020","INDUSTRIAS POLLO PREMIUM 5.8, C A",666000
"20CAL00931","05-2020","INVERSIONES Y SUMINISTROS OPTIMO, C.A.",2662000
"20CAL00932","05-2020","COMERCIALIZADORA ROFRANBERT, C.A",107397.29
"20CAL00929","05-2020",FRIPICA C.A,126000
"20CAL00937","05-2020","ALIMENTOS SURVEN, C.A.",1419600
"20CAL00940","05-2020","ALIMENTOS JAD GLOBAL, C.A",40335.08
"20CAL00941","05-2020","INVERSIONES BUENA VENTURA 2014, C.A.",591240.54
"20CAL00939","05-2020","DISTRIBUIDORA ORISUR, COMPAÑIA ANONIMA",787500
"20CAL00933","05-2020","CENTRAL EL PALMAR, S.A",1160250
"20CAL00943","05-2020",DISPROLAMA C.A ,132300
"20CAL00946","05-2020",PALMERAS ENERGRAS C.A ,1455015.52
"20CAL00944","05-2020","CORPORACION MANA 77, C.A.",2628000
"20CAL00954","05-2020","ALIMENTOS ESSAGUA, C.A",580000
"20CAL00986","05-2020","INVERSIONES COGOYAL, C.A.",610200
"20CAL00969","05-2020","AVICOLA LA PROVIDENCIA, C.A.",190256.85
"20CAL00968","05-2020","AVICOLA LA PROVIDENCIA, C.A.",21600
"20CAL00967","05-2020","AVICOLA LA PROVIDENCIA, C.A.",347688.9
"20CAL00980","05-2020","ALIMENTOS SURVEN, C.A.",2606306
"20CAL00987","05-2020","ALIMENTOS  AGROPROSUR, C.A.",768924
"20CAL00988","05-2020","ALIMENTOS  AGROPROSUR, C.A.",885600
"20CAL00963","05-2020","AGROPECUARIA SAN CRISTOBAL 2018, C.A",472500
"20CAL00970","05-2020","EL GRUPO EBENEZER, C.A.",2664000
"20CAL00971","05-2020","EL GRUPO EBENEZER, C.A.",1575000
"20CAL00973","05-2020","INVERSIONES Y FESTEJO DOÑA SOFIA, C.A",339598
"20CAL00951","05-2020","AGROINDUSTRIA LOS TURPIALES. RZ 1009, C.A",661500
"20CAL00947","05-2020","ALIMENTOS JAD GLOBAL, C.A",747000
"20CAL00948","05-2020","ALIMENTOS JAD GLOBAL, C.A",333900
"20CAL00949","05-2020","ALIMENTOS JAD GLOBAL, C.A",518400
"20CAL00981","05-2020","MAXIMAS DISTRIBUCIONES R.M, C.A ",1632268.04
"20CAL00955","05-2020",ZONA LIBRE 2000 CA,486000
"20CAL00957","05-2020",ZONA LIBRE 2000 CA,1440000
"20CAL00974","05-2020",ZONA LIBRE 2000 CA,245700
"20CAL00975","05-2020",ZONA LIBRE 2000 CA,378000
"20CAL00976","05-2020",ZONA LIBRE 2000 CA,437929.2
"20CAL00959","05-2020",CARLOS EDUARDO BARRIOS PINEDA (FRUTANDES),108000
"20CAL00982","05-2020",ALIMENTOS ARMUSA C.A,1474300
"20CAL00985","05-2020","TROPICAL IMPORT, C.A",3672669.8
"20CAL00965","05-2020","SOLUCIONES LOGISTICAS CF, C.A.",1650000
"20CAL00966","05-2020","INVERSIONES GL 2021, C.A",100800
"20CAL00984","05-2020",GRUPO SOCOLCA CA,2890000
"20CAL00989","05-2020","COMERCIALIZADORA ROFRANBERT, C.A",106217.1
"20CAL00977","05-2020","AGROPECUARIA HCR, C.A",506312
"20CAL00952","05-2020","GRUPO HG XXI, C.A.",310500
"20CAL00978","05-2020","AGROPECUARIA HCR, C.A",483051.6
"20CAL00996","06-2020",ANDI ALIMENTOS C.A,2047000
"20CAL00993","06-2020","DISTRIBUIDORA DE ALIMENTOS ALECAAN, C.A",113475
"20CAL00991","06-2020","MEGATRONIC, C.A",1143000
"20CAL00994","06-2020","DISTRIBUIDORA DE ALIMENTOS ALECAAN, C.A",130496.25
"20CAL00992","06-2020","AGRO ALIMENTOS OCCIDENTE, C.A",1263000
"20CAL00990","06-2020","DISTRIBUIDORA PITIA, CA",320400
"20CAL01003","06-2020","EL GRUPO EBENEZER, C.A.",469800
"20CAL01006","06-2020","AVICOLA LA PROVIDENCIA, C.A.",1290000
"20CAL01005","06-2020","ALIMENTOS EL MAIZAL, C.A.",1245992.8
"20CAL00999","06-2020",LA NATERA 2012 C.A,195000
"20CAL01004","06-2020",MOLINOS DEL SUR AMERICA C A ,72090
"20CAL01000","06-2020",LA NATERA 2012 C.A,195000
"20CAL01001","06-2020","INVERSIONES HAR, C.A.",405840
"20CAL01002","06-2020","INVERSIONES HAR, C.A.",1068000
"20CAL01014","06-2020",INVERSIONES LORENZILLOS C.A.,3993000
"20CAL01009","06-2020","ALIMENTOS VENEZOLANOS S&M ALIVENSA, S.A",218700
"20CAL01012","06-2020","ARROZ CRISTAL, C.A.",1023500
"20CAL01017","06-2020","DISTRIBUIDORA SAN MIGUEL MM, CA",4056000
"20CAL01011","06-2020","DISTRIBUIDORA Y PROCESADORA DE CARNES, C.A.",358000
"20CAL01015","06-2020","DISTRIBUIDORA SAN MIGUEL MM, CA",294000
"20CAL01007","06-2020","HIPERMERCADO LA GRANDE, C.A",1815800
"20CAL01013","06-2020","NARPECA, C.A.",121500
"20CAL01016","06-2020","DISTRIBUIDORA SAN MIGUEL MM, CA",952348.8
"20CAL01018","06-2020","CEREALES&PILONES BFC, C.A.",459552
"20CAL01021","06-2020","AGROPECUARIA ROMEBET, C.A.",180000
"20CAL01022","06-2020","CORPORACION DE ALIMENTOS MULTILIDER, C.A.",4581500
"20CAL01020","06-2020","ASOCIACION COOPERATIVA TORO ROJO 2505, R.L",900000
"20CAL01019","06-2020","AGRO INDUSTRIA VENPORT, C.A.",1936500
"20CAL01023","06-2020","CARNES MOLINA EXPRESS CHACAO, C.A.",534000
"20CAL01024","06-2020",ALIMENTOS MK MARKET C.A,601273.38
"20CAL01031","06-2020","AGROPECUARIA PORCINO Y BOVINO RONGRAT, S.A.",580800
"20CAL01030","06-2020","AGROPECUARIA PORCINO Y BOVINO RONGRAT, S.A.",800000
"20CAL01025","06-2020","AGROPECUARIA DOÑA LINA, C.A ",199800
"20CAL01028","06-2020","CORPORACION TRADING LATINOAMERICA, C.A.",971880
"20CAL01027","06-2020","CORPORACION TRADING LATINOAMERICA, C.A.",1281600
"20CAL01029","06-2020","AGROPECUARIA PORCINO Y BOVINO RONGRAT, S.A.",1550000
"20CAL01026","06-2020","DALLCA, C.A.",64525
"20CAL01035","06-2020","ALIMENTOS JAD GLOBAL, C.A",550000
"20CAL01034","06-2020","ALIMENTOS JAD GLOBAL, C.A",232126
"20CAL01033","06-2020","EL BODEGON DE LOS LLANOS, C.A",35600
"20CAL01038","06-2020",DISTRIBUIDORA BUENOS AIRES 2018 C.A ,640800
"20CAL01037","06-2020",DISTRIBUIDORA BUENOS AIRES 2018 C.A ,485940
"20CAL01036","06-2020","AGRO AGUACATES AFN, C.A.",32040
"20CAL01041","06-2020",COMERCIAL AGRO INDUSTRIAL NUEVO CAMPO C.A.,638000
"20CAL01039","06-2020",DISTRIBUIDORA BUENOS AIRES 2018 C.A ,696960
"20CAL01043","06-2020",CORPORACION DE SERVICIOS PESQUEROS Y ACUICOLAS DE VENEZUELA (CORPESCA),2200000
"20CAL01042","06-2020",AGROINSUMOS LARA C.A,1174800
"20CAL01045","06-2020",CORPORACION DE SERVICIOS PESQUEROS Y ACUICOLAS DE VENEZUELA (CORPESCA),510400
"20CAL01048","06-2020","GEO ALIMENTARIA GLOBAL, C.A ",176000
"20CAL01046","06-2020","DISTRIBUIDORA SAN MIGUEL MM, CA",2458600
"20CAL01047","06-2020","IMPORTADORA INMOPLAS, C.A",176000
"20CAL01060","06-2020","OPERADORA DE ALIMENTOS SAVECA, C.A",5104000
"20CAL01059","06-2020","GRUPO AS 2000, C.A.",3693600
"20CAL01061","06-2020","ALIMENTOS SURVEN, C.A.",1100000
"20CAL01051","06-2020","ALIMENTOS SURVEN, C.A.",2934800
"20CAL01063","06-2020",ZONA LIBRE 2000 CA,211200
"20CAL01062","06-2020","CARNES FINAS, C.A.",880000
"20CAL01058","06-2020","CONSORCIO VEINCA, C.A.",880000
"20CAL01057","06-2020","CONSORCIO VEINCA, C.A.",880000
"20CAL01055","06-2020","AGROALIMENTOS LA ORIENTAL, C.A.",880000
"20CAL01053","06-2020","INVERSIONES HAR, C.A.",101200
"20CAL01052","06-2020","SOL DE VENEZUELA, C.A",72072
"20CAL01056","06-2020","INVERSIONES Y FESTEJO DOÑA SOFIA, C.A",560000
"20CAL01064","06-2020","COMERCIALIZADORA PIAR PEÑA, C.A.",900000
"20CAL01065","06-2020",COMERCIAL CARPE DIEM 08-09 C.A,739200
"20CAL01077","06-2020",GRUPO AERO 3000 C.A,526240
"20CAL01075","06-2020",ALIBAL SERVICIOS Y PROCESOS C.A.,3330000
"20CAL01072","06-2020","INVERSIONES Y COMERCIALIZADORA TORREMONCA, C.A.",600160
"20CAL01071","06-2020",INVERSIONES ALICEOLE C.A ,5665069.96
"20CAL01067","06-2020","INVERSIONES Y COMERCIALIZADORA TORREMONCA, C.A.",330000
"20CAL01066","06-2020","INVERSIONES Y COMERCIALIZADORA TORREMONCA, C.A.",1393920
"20CAL01074","06-2020",DISTRIBUIDORA SOL DE ORIENTE 2017 C.A,89232
"20CAL01070","06-2020","INVERSIONES Y COMERCIALIZADORA TORREMONCA, C.A.",968000
"20CAL01085","06-2020",GRUPO AERO 3000 C.A,2082600
"20CAL01079","06-2020",AGROPECUARIA SAN MARINO C.A,48594
"20CAL01082","06-2020","EMPRESA SOCIALISTA DE ALIMENTOS, S.A",3364320.6
"20CAL01091","06-2020","COMERCIALIZADORA M&R, C.A",27760
"20CAL01090","06-2020","COMERCIALIZADORA M&R, C.A",16198
"20CAL01092","06-2020","SUMINISTROS Y SERVICIOS SYA, C.A",129050
"20CAL01087","06-2020","ALIMENTOS MONACO 2016, C.A.",69975.36
"20CAL01086","06-2020","CEREALES&PILONES BFC, C.A.",459000
"20CAL01089","06-2020","INVERSIONES Y FESTEJO DOÑA SOFIA, C.A",809900
"20CAL01088","06-2020","INDUSTRIAS POLLO PREMIUM 5.8, C A",799200
"20CAL01101","06-2020","COMERCIALIZADORA DON OMAR, C.A",2581000
"20CAL01099","06-2020","KP DISTRIBUIDORA, C.A",213600
"20CAL01100","06-2020","KP DISTRIBUIDORA, C.A",445000
"20CAL01106","06-2020","ALIMENTOS BARESINA, C.A.",739200
"20CAL01105","06-2020","ALIMENTOS FRAVI, C.A",152063.86
"20CAL01104","06-2020","GRUPO HG XXI, C.A.",13525.38
"20CAL01102","06-2020",ENVASADORA DE ALIMENTOS (EVALSA) SOCIEDAD ANONIMA,7235000
"20CAL01103","06-2020","EMPRESA MIXTA SOCIALISTA AVICOLA DEL ALBA, S.A",1965600
"20CAL01111","06-2020","CORPORACION MANA 77, C.A.",2564000
"20CAL01110","06-2020","DISTRIBUIDORA DE ALIMENTOS LOS SOTOS 48, C.A.",1514695.82
"20CAL01112","06-2020","ALIMENTOS  AGROPROSUR, C.A.",1860797.36
"20CAL01114","06-2020",ALIMENTOS ARMUSA C.A,3870000
"20CAL01113","06-2020","DESARROLLOS DAHMO, C.A.",5560000
"20CAL01118","06-2020","CONSORCIO SEMILLERO NACIONAL, C.A. CONSENACA",329300
"20CAL01116","06-2020","CONSORCIO SEMILLERO NACIONAL, C.A. CONSENACA",329300
"20CAL01115","06-2020",ALIMENTOS LA ALIANZA C.A ,64500
"20CAL01119","06-2020",ALIBAL SERVICIOS Y PROCESOS C.A.,2634400
"20CAL01121","06-2020","EMPRESA MIXTA SOCIALISTA AVICOLA DEL ALBA, S.A",146850
"20CAL01120","06-2020",ALIBAL SERVICIOS Y PROCESOS C.A.,3951600
"20CAL01129","06-2020","ALIMENTOS DE VENEZUELA 2014 ( ALIVENCA), C.A",454950
"20CAL01130","06-2020","SUPRAQUIMIC, C.A",1968088.5
"20CAL01126","06-2020","CORPORACION TECNOAGRO, C.A",801000
"20CAL01122","06-2020","INDUSTRIAS CHEPEL, C.A.",2840200
"20CAL01128","06-2020","CORPORACION TECNOAGRO, C.A",333630
"20CAL01123","06-2020","EMPAQUETADORA AGROINDUSTRIAL PORT VEN, C.A.",68565.6
"20CAL01132","07-2020","SUPRAQUIMIC, C.A",563880.24
"20CAL01133","07-2020",ALIMENTOS MK MARKET C.A,264000
"20CAL01131","07-2020","LACTEOS GRANDES LIGAS, C.A",272800
"20CAL01134","07-2020","GRUPO 3S, C.A",1276000
"20CAL01136","07-2020",INPROA SANTONI C A,89760
"20CAL01135","07-2020","ALIMENTOS H&H, C.A",191400
"20CAL01144","07-2020","DISTRIBUIDORA LA TIERRA BENDECIDA, C.A",829400
"20CAL01142","07-2020","AGRO VIVERES VENEZUELA 2012, CA",191400
"20CAL01146","07-2020",CORPORACION DE SERVICIOS PESQUEROS Y ACUICOLAS DE VENEZUELA (CORPESCA),1936000
"20CAL01147","07-2020",CORPORACION DE SERVICIOS PESQUEROS Y ACUICOLAS DE VENEZUELA (CORPESCA),449150
"20CAL01149","07-2020",FUNDACION BATALLA MATA DE MIEL,176000
"20CAL01151","07-2020","CORPORACION JL 2016, C.A",190950
"20CAL01148","07-2020","CORPORACION DE PRODUCTOS ALIMENTARIOS SANTA CLARA, C.A",29285.1
"20CAL01156","07-2020","ALIMENTOS LLANO SUR, C.A",960960
"20CAL01154","07-2020","ALIMENTOS LLANO SUR, C.A",387200
"20CAL01152","07-2020","COMERCIALIZADORA TRAND, C.A.",1188000
"20CAL01155","07-2020","ALIMENTOS LLANO SUR, C.A",3168000
"20CAL01153","07-2020","CEREALES&PILONES BFC, C.A.",317856
"20CAL01160","07-2020",IDEAL ALIMENTOS C.A.,880000
"20CAL01158","07-2020",INPROA SANTONI C A,97500
"20CAL01161","07-2020","DISTRIBUIDORA PORTUGUESA DISTPORT, C.A ",191400
"20CAL01159","07-2020",DISPROLAMA C.A ,191400
"20CAL01162","07-2020",INVERSIONES LORENZILLOS C.A.,3819000
"20CAL01180","07-2020","ALIMENTOS H&H, C.A",68400
"20CAL01181","07-2020","AGROINVERSIONES LA VICTORIA, C.A",1425060
"20CAL01187","07-2020","ALIMENTOS LOS LLANOS 07, C.A.",1760000
"20CAL01185","07-2020",CORPORACION DE SERVICIOS PESQUEROS Y ACUICOLAS DE VENEZUELA (CORPESCA),18900
"20CAL01184","07-2020",CORPORACION DE SERVICIOS PESQUEROS Y ACUICOLAS DE VENEZUELA (CORPESCA),17424
"20CAL01183","07-2020",CORPORACION DE SERVICIOS PESQUEROS Y ACUICOLAS DE VENEZUELA (CORPESCA),11085
"20CAL01182","07-2020",CORPORACION DE SERVICIOS PESQUEROS Y ACUICOLAS DE VENEZUELA (CORPESCA),120384
"20CAL01188","07-2020","XEAX ALIMENTOS,C.A",240240
"20CAL01190","07-2020",INVERSIONES ALICEOLE C.A ,2915585.98
"20CAL01195","07-2020","XEAX ALIMENTOS,C.A",234900
"20CAL01202","07-2020","CORPORACION DE ALIMENTOS MULTILIDER, C.A.",7482000
"20CAL01207","07-2020","DISTRIBUIDORA Y COMERCIALIZADORA DAYKARI, C.A.",7326000
"20CAL01203","07-2020",GRUPO SOCOLCA CA,7482000
"20CAL01200","07-2020","AGROTRANSOL, C.A.",623500
"20CAL01204","07-2020","ALIMENTOS LUAL, C.A.",7482000
"20CAL01208","07-2020",NORTECA INTERNATIONAL LIMITED,9924000
"20CAL01210","07-2020","DISTRIBUIDORA DE ALIMENTOS LOS SOTOS 48, C.A.",4422000
"20CAL01209","07-2020","ALIMENTOS EL MAIZAL, C.A.",10500000
"20CAL01212","07-2020",INVERSIONES MAGEMEL C.A,1870500
"20CAL01230","07-2020","INVERSIONES GAJOLU 57, C.A",26460
"20CAL01232","07-2020","CONSORCIO VEINCA, C.A.",229500
"20CAL01231","07-2020","INDUSTRIAS CHEPEL, C.A.",2858562.54
"20CAL01234","07-2020","ALIMENTOS JAD GLOBAL, C.A",409004.4
"20CAL01233","07-2020","COMERCIALIZADORA M&R, C.A",50400
"20CAL01255","08-2020","CORPORACION MANA 77, C.A.",3080000
"20CAL01254","08-2020",ALIMENTOS LA ALIANZA C.A ,61600
"20CAL01260","08-2020","GRANJA LOS MOLINOS, C.A ",24738
"20CAL01257","08-2020","GRANJA LOS MOLINOS, C.A ",10416
"20CAL01256","08-2020",AGROPECUARIA BUENA VISTA 2007,19503.96
"20CAL01261","08-2020",AGRICOLAS KAIROS C.A,44268
"20CAL01263","08-2020","ALIMENTOS LOS LLANOS 07, C.A.",588000
"20CAL01262","08-2020","OPERADORA DE ALIMENTOS SAVECA, C.A",8526000
"20CAL01264","08-2020","CONSORCIO VEINCA, C.A.",1134000
"20CAL01270","08-2020","PRODUCTORA OCCIDENTAL PORCINA, C.A",561000
"20CAL01267","08-2020","INVERSORA CHILEVEN, C.A ",306000
"20CAL01272","08-2020","EL ACAPRO DEL GEF, C.A",836000
"20CAL01276","08-2020","COMERCIALIZADORA MARZA, C.A.",78992.82
"20CAL01282","08-2020","AGROYESCA, C.A",15774
"20CAL01281","08-2020","AGROYESCA, C.A",13145
"20CAL01278","08-2020","INVERSIONES Y CONSTRUCCIONES CARDENAS ORION, C.A.",3392080
"20CAL01277","08-2020","COMERCIALIZADORA MARZA, C.A.",158760
"20CAL01284","08-2020","EL ACAPRO DEL GEF, C.A",1045000
"20CAL01289","08-2020","AGROPECUARIA PORCINO Y BOVINO RONGRAT, S.A.",547800
"20CAL01294","08-2020","AGROPECUARIA EL NEGRO, C.A.",103750
"20CAL01293","08-2020","AGROPECUARIA EL NEGRO, C.A.",72610
"20CAL01295","08-2020",FUNDACION BATALLA MATA DE MIEL,336000
"20CAL01296","08-2020","EL GRUPO EBENEZER, C.A.",554400
"20CAL01297","08-2020",GRASACA GRASAS SAN CARLOS C A,927640
"20CAL01298","08-2020","EMPRESA MIXTA SOCIALISTA AVICOLA DEL ALBA, S.A",146850
"20CAL01300","08-2020",ALIMENTACION BALANCEADA ALIBAL C A,2205000
"20CAL01299","08-2020",ALIMENTACION BALANCEADA ALIBAL C A,1470000
"20CAL01304","08-2020","AGROPECUARIA PORCINO Y BOVINO RONGRAT, S.A.",2241000
"20CAL01303","08-2020","CONSORCIO VEINCA, C.A.",571200
"20CAL01308","09-2020","INVERSIONES GAJOLU 57, C.A",26040
"20CAL01311","09-2020",NORTECA INTERNATIONAL LIMITED,9924000
"20CAL01309","09-2020",CORPORACION DE SERVICIOS PESQUEROS Y ACUICOLAS DE VENEZUELA (CORPESCA),2690282.7
"20CAL01312","09-2020","DESARROLLOS DAHMO, C.A.",7290000
"20CAL01315","09-2020","COMERCIALIZADORA MARZA, C.A.",859.74
"20CAL01314","09-2020",INVERSIONES MAGEMEL C.A,55440
"20CAL01313","09-2020",INVERSIONES ALICEOLE C.A ,1218000
"20CAL01317","09-2020","ALIMENTOS EL MAIZAL, C.A.",24906
"20CAL01318","09-2020","AGRICOLA LA GIRALDA, C.A ",1875720
"20CAL01319","09-2020","ALIMENTOS FENIX DE VENEZUELA, C.A.",606500
"20CAL01320","09-2020","AGROPRODUCTORA VIRGEN DE COROMOTO, C.A",2184000
"20CAL01321","09-2020","ALIMENTOS JAD GLOBAL, C.A",6075000
"20CAL01328","09-2020","AGRO INDUSTRIA VENPORT, C.A.",24300000
"20CAL01331","09-2020","PROCESOS AGROINDUSTRIALES LUCKY, C.A",798000
"20CAL01332","09-2020","CONSORCIO VEINCA, C.A.",84109.2
"20CAL01329","09-2020",CORPORACION DE SERVICIOS PESQUEROS Y ACUICOLAS DE VENEZUELA (CORPESCA),428735
"20CAL01326","09-2020",AGROPECUARIA BUENA VISTA 2007,1134000
"20CAL01322","09-2020",IMPORTADORA Y COMERCIALIZADORA MAXIMA C.A. ,1680000
"20CAL01324","09-2020",IMPORTADORA Y COMERCIALIZADORA MAXIMA C.A. ,24300000
"20CAL01323","09-2020",IMPORTADORA Y COMERCIALIZADORA MAXIMA C.A. ,1596000
"20CAL01325","09-2020","GRUPO 3S, C.A",1218000
"20CAL01330","09-2020","ALIMENTOS MONACO 2016, C.A.",69979.79
"20CAL01336","09-2020","EMPAQUETADORA Y COMERCIALIZADORA EL FUTURO, C.A",2430000
"20CAL01341","09-2020",EMPAQUETADORA LA BENDICION DE SION C.A.,3082500
"20CAL01338","09-2020","EMPAQUETADORA AGROINDUSTRIAL PORT VEN, C.A.",3082500
"20CAL01339","09-2020",COMERCIAL AGRO INDUSTRIAL NUEVO CAMPO C.A.,2466000
"20CAL01340","09-2020","COMERCIALIZADORA FLORENCA 2012, C.A.",3082500
"20CAL01342","09-2020","COMERCIAL SUR, C.A.",2458000
"20CAL01344","09-2020","CORPORACION DE PRODUCTOS ALIMENTARIOS SANTA CLARA, C.A",6885000
"20CAL01343","09-2020","CORPORACION DE PRODUCTOS ALIMENTARIOS SANTA CLARA, C.A",144500
"20CAL01346","09-2020",INVERSIONES ALICEOLE C.A ,1233000
"20CAL01347","09-2020","DISTRIBUIDORA Y COMERCIALIZADORA LOS HATOS, C.A",368400
"20CAL01348","09-2020","COMERCIALIZADORA TAC 98, C.A ",736800
"20CAL01349","10-2020","HIPERMERCADO LA GRANDE, C.A",2591376.48
"20CAL01353","10-2020","GRUPO VENEZUELA AVICOLA, C.A.",850000
"20CAL01354","10-2020","ALIMENTOS EVA 2015, C.A.",850000
"20CAL01358","10-2020","PONGO, C.A",5788000
"20CAL01355","10-2020","ANGARITA & PUMAR, C.A.",294000
"20CAL01361","10-2020",CORPORACION DE SERVICIOS PESQUEROS Y ACUICOLAS DE VENEZUELA (CORPESCA),868680
"20CAL01365","10-2020","DISTRIBUIDORA DANARELLA, C.A",243000
"20CAL01366","10-2020","DISTRIBUIDORA DE ALIMENTOS LOS SOTOS 48, C.A.",11792000
"20CAL01371","10-2020","AVICOLA LA PROVIDENCIA, C.A.",621600
"20CAL01374","10-2020","AGROPECUARIA LA YUNTA C,A.",1310400
"20CAL01373","10-2020","AGROPECUARIA LA YUNTA C,A.",2268000
"20CAL01372","10-2020","AVICOLA LA PROVIDENCIA, C.A.",735000
"20CAL01369","10-2020","AGRICOLA LA GIRALDA, C.A ",4872000
"20CAL01376","10-2020","ALIMENTOS NANI, C.A ",4536000
"20CAL01377","10-2020","ALIMENTOS NANI, C.A ",4872000
"20CAL01375","10-2020","ALIMENTOS PISCIS DE VENEZUELA , C.A ",1822500
"20CAL01381","11-2020","AGROYESCA, C.A",2935
"20CAL01380","11-2020","COOPERATIVA VENE-GAS 2021, R.L. ",6145000
"20CAL01382","11-2020","CORPORACION DE PRODUCTOS ALIMENTARIOS SANTA CLARA, C.A",433500
"20CAL01384","11-2020",CORPORACION DE SERVICIOS PESQUEROS Y ACUICOLAS DE VENEZUELA (CORPESCA),2124150
"20CAL01383","11-2020",CORPORACION DE SERVICIOS PESQUEROS Y ACUICOLAS DE VENEZUELA (CORPESCA),2124320
"20CAL01387","11-2020","DISTRIBUIDORA SAN MIGUEL MM, CA",4916000
"20CAL01385","11-2020",INVERSIONES MAGEMEL C.A,4301500
"20CAL01389","11-2020","CARNES MOLINA EXPRESS CHACAO, C.A.",1700000
"20CAL01388","11-2020",FUNDACION BATALLA MATA DE MIEL,340000
"20CAL01391","11-2020","CORPORACION MAS FOOD RC, C.A.",1209000
"20CAL01392","11-2020","CORPORACION MAS FOOD RC, C.A.",840000
"20CAL01390","11-2020","AGROPECUARIA DOÑA LINA, C.A ",57792
"20CAL01393","11-2020","MAXIMAS DISTRIBUCIONES R.M, C.A ",504000
"20CAL01394","11-2020","ASOCIACION COOPERATIVA EL CUNAVICHERO 491, RL",504000
"20CAL01396","11-2020","IMPORTADORA PEL 2020, C.A.",4860000
"20CAL01395","11-2020","ALIMENTOS DE VENEZUELA 2014 ( ALIVENCA), C.A",504000
"20CAL01398","11-2020","ASOCIACION COOPERATIVA TORO ROJO 2505, R.L",850000
"20CAL01397","11-2020","AGROPECUARIA ROMEBET, C.A.",510000
"20CAL01402","11-2020","CORPORACION GRADUG C.J 1916, C.A",1215000
"20CAL01401","11-2020","CORPORACION GRADUG C.J 1916, C.A",1215000
"20CAL01400","11-2020","CORPORACION GRADUG C.J 1916, C.A",1215000
"20CAL01403","11-2020","CORPORACION GRADUG C.J 1916, C.A",1215000
"20CAL01404","11-2020",INVERSIONES JROCHA C.A.,364500
